Metric,Value
Accuracy,0.9997879513984606
Precision,0.9998146088246199
Recall,0.9998146088246199
F1 Score,0.9998146088246199
ROC-AUC,0.9999960973178693
