Model,Accuracy,Precision,Recall,F1 Score,ROC-AUC
Logistic Regression,0.9979219237049132,0.9974453905960755,0.9989247311827957,0.9981845127825121,0.9997592421619403
