Model,Accuracy,Precision,Recall,F1 Score,ROC-AUC
Logistic Regression,0.999618312517229,0.9993700437263766,0.999962921764924,0.9996663948402402,0.999997048654031
