Model,Accuracy,Precision,Recall,F1,ROC-AUC
Logistic Regression,0.9979219237049132,0.9974453905960755,0.9989247311827957,0.9981845127825121,0.9997592421619403
Random Forest,0.9997243368179987,0.9998516595586872,0.9998516595586872,0.9996662958843159,0.9997589691295078
Baseline XGBoost,0.9997879513984606,0.9997775470858669,0.999851687059696,0.9998146156983426,0.9999963002573402
Tuned XGBoost,0.9997879513984606,0.9997775470858669,0.999851687059696,0.9998146156983426,0.9999951468999857
Soft Voting Ensemble,0.9997879513984606,0.9998146088246199,0.9998146088246199,0.9998146088246199,0.9999960973178693
