Model,Accuracy,Precision,Recall,F1 Score
Random Forest,0.9997243368179987,0.9998516595586872,0.9996662958843159,0.9997589691295078
