Metric,Value
Accuracy,0.9997879513984606
Precision,0.9997775470858669
Recall,0.999851687059696
F1 Score,0.9998146156983426
ROC-AUC,0.9999951468999857
